sentence,label
"HALC and QPP will also be hosting information evenings covering ‘   ’ and ‘, ,   ’.",neutral
Add your support to our Bill ensuring increased protections for renters across the state via the link in comments,persuasive
"Around 4,300 businesses in Gilmore will be able to access this bonus deduction.",neutral
Cheaper childcare will help ease cost of living pressures on Australian families.,persuasive
A great asset for our community,persuasive
"This election, the Greens are fighting for mental and dental health to be introduced to our Medicare system.",persuasive
Coomera Station Commuter Car Park - State Project not completed.,neutral
Now his own MPs are backtracking on the promise to reach net zero emissions.,persuasive
57% of the children that we have locked up today are Aboriginal children.,persuasive
It's time we move this lot on.,persuasive
I’m very proud that we are helping deliver these important services to people in our community.,persuasive
"Through fires, floods and pandemics, I have fought to make sure that local businesses like Cassegrain Winery continue to grow and thrive, continue to be able to employ staff, to attract tourists and ultimately strengthen our local economy.",persuasive
"Today, we feature Deputy Mayor of the City of Willoughby, Councillor Brendon Zhu.",neutral
"Last time Labor were in power, Tassie’s unemployment rate was 8% Scary isn’t it?",persuasive
Please sign the petition now and ensure that doctors like Miranda are not criminalised for guaranteeing people’s access to healthcare under the law.,persuasive
"Cast: $0, real people.",neutral
"We are keen to listen to your opinion, suggestions and help to achieve our goal to restore freedom, end vaccine mandate and start economic recovery.",persuasive
He's not your mate!,persuasive
"* Armidale Regional Council - NSW (ARC) * Whitsunday Regional Council (WRC) ARC:- * Net Worth B$1.07 * Population 33,000 * Area of 8,621 km square  * Population Density 3.83 * 11 Councillors including Mayor  WRC:- * Net Worth B$1.2 * Population 34,000 * Area of 23,819 km square  * Population Density 1.43 * 7 Councillors including Mayor.",neutral
Your Freedom Defender Gary Biggs- Liberal Democrats Candidate for Richmond was in the air again with us over Richmond today.,persuasive
The only way to get rid of Scott Morrison is to vote Labor.,persuasive
I’ll also work hard to have recommendations of the Australian Small Business and Family Enterprise Ombudsman implemented.,persuasive
The good news?,neutral
"‼ Don't be fooled by the Morrison government - if it wanted to, it could absolutely afford better aged care!",persuasive
This comment from a local Maleny resident shows just how out of touch Andrew Wallace really is.,persuasive
"The Minister for Veterans Shaun Leane MP joined me in visiting the memorial, pictured here.",neutral
"Countless men have stayed back to defend their country, breaking apart their families.",persuasive
"Vote #1   United Australia Party Vote #1  Joshua Lawrence Berrigan in these suburbs:    BILINGA   BONOGIN   BURLEIGH   CLEAR ISLAND WATERS   COOLANGATTA   CURRUMBIN   ELANORA   KIRRA    MERRIMAC   MIAMI   MUDGEERABA   PALM BEACH   REEDY CREEK   ROBINA   TALLEBUDGERA   TUGUN   VARSITY LAKES    Learn more: https://www.joshuaberrigan.com.au/  *This message was authorised by Joshua Lawrence Berrigan for the United Australia Party, Merrimac",neutral
We have a mental health crisis in Australia.,persuasive
Brunker wanting to run amuck a 2nd time.,persuasive
"Make child care cheaper for Australian families so that it’s easier for parents to get ahead and to ensure children get the best start, and make sure older Australian's receive the aged care they deserve.",persuasive
"“Back in 1977, the Ranger Uranium Environmental Inquiry recommended the recognition of the land in the Alligator Rivers Region - what we know as stage one, Kakadu National Park - as Aboriginal land under the Aboriginal Land Rights (Northern Territory) Act 1976.",neutral
I believe in evidence-based policy change and innovative solutions to Queensland’s animal and environmental concerns.,neutral
"We're terrified they'll force them to danger after the election, just like they tried to in 2019.",persuasive
"Instead, we seek to invest our nation’s wealth in sustainable food systems and clean energy solutions.",persuasive
FNQ can't risk three more years of Scott Morrison.,persuasive
"Authorised by L. Cox, Animal Justice Party, Suite 13, Level 5, 35 Buckingham St, Surry Hills 2010",neutral
"This means there can only be four other route alternatives - Cypress Terrace, Townson Avenue, Mallawa Drive or using up the protected heavy rail corridor south of Varsity Lakes station.",neutral
Andrews does not think the rules apply to his government and they need to be voted out in November.,persuasive
Read Crikey's latest fact check.,neutral
"As Councillor, Mr. Zhu actively supported Willoughby’s recognition of the Armenian Genocide in 2015, which also calls upon the Federal Government to follow suit.",neutral
The election is 21 May!,neutral
Scott Morrison never fronts up.,persuasive
Add your name to the petition and demand Nike to step up and support the women who make their clothes!,persuasive
"An Albanese Labor Government will invest $5 million to build a new one-stop Veterans' Wellbeing Centre in the Tweed region, which will serve nearly 3000 veterans and their families who live on the southern Gold Coast.",neutral
"New Funding Secured I’m delivering $230,000 to The Gap Dragons JAFC for their new lighting.",neutral
Already the scheme is supporting jobs in the construction sector and assisting home buyers into their first home by allowing them to buy a property  with as little as five per cent deposit.,neutral
"Rebecca Lloyd - Independent SENATE Candidate for Qld (If you live in Qld, you CAN vote for me).",neutral
Donate now.,neutral
What of the focus and blame directed at Jews and Israel?,persuasive
We are already seeing the development of more locally-owned and operated Aboriginal tourism and other business enterprises in Kakadu.,persuasive
"This investment will deliver more home care places, more funding for aged care centres and increases in the amount of time that nurses and carers spend with residents.",neutral
Agree?,neutral
And we CAN do it.,persuasive
The average woman with children earns $2 Million less than the average man with children.,persuasive
We don't care and we would do it again.,persuasive
"- HOMEBUYERS: The Government's Home Guarantee Scheme is being extended with 50,000 places available per year.",neutral
"Labor Waste, you pay.",persuasive
They’ve nearly reached their crowdfunding goal.,persuasive
"Jonathan O'Dea MP, President of New South Wales Legislative Council - Hon.",neutral
"And no, I am not a Liberal or Labor in disguise.",neutral
We can’t risk more of the same.,persuasive
Read the full story:  https://truecrimenewsweekly.com/the-great-female-impersonator-the-forgotten-extraordinary-tale-of-pseudo-woman-gordon-lawrence-one-of-modern-australias-first-queer-folk-heroes/,neutral
🤔,persuasive
"https://www.robodebtclassaction.com.au/#:~:text=Key%20points%20of%20Robodebt%20Class%20Action&text=On%2016%20November%202020%2C%20the,to%20approximately%20430%2C000%20group%20members.",neutral
RESIGN NOW if you are a current sitting WRC Councillor that thinks that the WASTAGE of Federal or State funding Gifted to WRC is acceptable!,persuasive
They have sold our kid's economic future down the drain.,persuasive
Hi my name is Vanessa Kim and I'm a Director of Strathfield Partners.,neutral
Send Karen Andrews and her leader Scott Morrison a message this Saturday - Vote Labor for a better future.,neutral
Labor is on your side.,persuasive
"Natalie Ward, Member for Mulgoa - Ms. Tanya Davies, Member of the South Australian Legislative Council - the Hon.",neutral
My speech from the rally on Saturday.,neutral
You don't get more salt of the earth than locals on King Island.,persuasive
-2000 jobs to be created on the $940 million Milton/Ulladulla bypass.,neutral
Donate today!,neutral
"Yes, boot the Liberals out and get your Albo merch, just in time for #Election2022.",persuasive
"To counter this shift in industry, the Animal Justice Party will lead the transformation of Australian agriculture into an industry that is both profitable and sustainable.",persuasive
If you want to get involved in fighting for a sustainable future you can volunteer for the Greens here: https://greens.org.au/nsw/volunteer/federal/mitchell Authorised by D. Hayden for The Greens NSW.,persuasive
"We will work with today’s farmers to help farm our land responsibly with nature, and re-wild our country.",persuasive
We’re abandoning many on the edge of the NDIS – 4 million people live with a disability.,persuasive
We're rolling out a community-wide plan to hand out THOUSANDS of Climate Action Now signs across your electorate!,persuasive
Their spending promises would cost billions.,persuasive
Ensuring Australians have the skills they need to excel in their careers.,persuasive
"Mr Morrison's Ministers are still stopping Priya, Nades, Kopi and Tharni from coming safely home to Biloela, by keeping 4 year old Tharni in community detention.",persuasive
Only the Matthew Guy Liberals and Nationals will cut waste and take action to keep the cost of living down.,persuasive
My guarantee to you - I will never support the shut-down of native forestry.,persuasive
"To express your interest, please contact Cathrine on the details above.",neutral
"Please RSVP by one week prior, by contacting Cathrine at QPP on 07 3013 5555 or email info@qpp.org.au and we will get in touch.",neutral
"www.debleonard4monash.com.au  #localbusiness #covid19 #staffshortage Authorised by Deb Leonard, Level 1, 82 Thompson Ave, Cowes 3922",neutral
Vote to change the Government.,persuasive
I think she is the right person to represent us.,persuasive
The Government is delivering record investment in roads across Goulburn Mulwaree.,persuasive
"‍This will help assist the school for sporting events, open days other school events and with transporting food stock between multiple canteens across the campus.",persuasive
Today that has been fixed once and for all time.,persuasive
PRICE REVEAL | ‘Between Two Rocks Winery’ - Business & Freehold $3.85 million walk in walk out!,neutral
"This unique business opportunity is now ready for a new owner, providing endless opportunity.",persuasive
Backing jobs across Australia through our $120bn infrastructure pipeline over the next decade.,neutral
"Vote early, often and raise funds for flood relief.",persuasive
"CHAT ABOUT PAT: JOHN CASSEGRAIN For the past 3 years, I've worked closely with Cowper constituents to address the needs of our community.",neutral
Scott Morrison fails to lead when it matters.,persuasive
Vote 1 United Australia Party.,neutral
I have a Bachelor of Advanced Science and work in the water quality sector in North Queensland where I help mitigate downstream impacts on the Great Barrier Reef.,neutral
• A dysfunctional QLD Public Service Sector has failed to deal with Brunker.,persuasive
"Victor Dominello, Senator for New South Wales - Andrew Bragg, Member for Prospect - Dr. Hugh McDermott, Reverend Fred Nile MLC, Mayor of Ryde - Jerome Laxale, former President of the NSW Legislative Council - Amanda Fazio, the City of Ryde Councillor - Sarkis Yedelian, Senator for Victoria - Janet Rice, NSW Minister for Finance and Small Business - the Hon.",neutral
"This election, PUT ME 1ST and your party 2nd.",neutral
Why did Labor vote against legislation introduced by the Morrison Government to strengthen powers to remove visas of foreign nationals who commit serious crimes?,persuasive
Only a vote for Labor in both houses will protect Queensland from Scott Morrison.,persuasive
This week we’re opening Expressions of Interest for tunneling works as part of the Suburban Rail Loop.,neutral
"- Around 57,700 taxpayers in Gilmore will benefit from tax relief of up to $1,500 this year, made up of the $1,080 low and middle income tax offset and a $420 cost of living tax offset.",neutral
Share your abortion experience in this anonymous online survey.,neutral
The minimum should be $75.,neutral
For our democracy - and the well-being of our society.,persuasive
"Kristina Keneally, Bishop Robert Rabbat – President of the Australasian Middle East Christian Apostolic Churches and Eparchy of the Melkite Catholic Eparchy of Australia and New Zealand, Former Minister of Defence, the Hon.",neutral
“I can’t defend it and I’m outraged by it.”  and she’s not the first NSW Liberal MP to criticise Morrison.,persuasive
"After years of Labor waste and mismanagement on infrastructure spending, Victorians now face a Big Bill of a massive $24,000,000,000.",persuasive
But there is a solution.,neutral
"While the Liberal Government is supporting construction jobs, Labor has a plan to smash the industry by abolishing the construction watchdog and give a green light to CFMMEU thuggery and bullying.",persuasive
"Jagajaga, don’t risk Labor.",persuasive
"The Morrison government's new ‘CoalKeeper’ proposal shows once again that they'll prioritise coal over people  The plan will see millions of dollars of public funds that should be going to those struggling in lockdown given to coal burning power companies like AGL, increasing climate pollution and sending energy prices soaring.",persuasive
"For more information or to help us find better representation for Hume, go to:  https://www.voteangusout.com.au/ How Angus voted against protecting our fresh water:https://theyvoteforyou.org.au/people/representatives/hume/angus_taylor/policies/15 How he voted on Nuclear waste https://theyvoteforyou.org.au/people/representatives/hume/angus_taylor/policies/216 How he voted on plant and animal extinctions https://theyvoteforyou.org.au/people/representatives/hume/angus_taylor/policies/172",neutral
This project will upgrade the wall that marks Australian active service post WW2 and include the development of a QR code and website relating to the history of the memorial.,neutral
Taking advantage of one of our favourite Wodonga watering holes to grab a cool drink on a warm Tuesday afternoon catch-up with Wodonga Mayor Kev Poulton.,neutral
"I’m for climate leadership, integrity in government and a new economy where families and local businesses thrive.",persuasive
"Most recently, Mr. Zhu expressed his firm support when he voted in favour of a unanimous motion, which saw Willoughby City Council officially recognise the Republic of Artsakh while condemning Azerbaijan and Turkey for their aggression during the 2020 Artsakh War.",neutral
"This Saturday, millions of Aussies will head to the polls and decide the future of this nation once and for all.",persuasive
"According to their employment contract, being openly gay is a firable offence.",persuasive
Higher taxes?,persuasive
"The benefits to Group Members include the following elements The Commonwealth will pay $112 million in compensation to approximately 400,000 eligible individual Group Members, including legal costs; The Commonwealth is repaying more than $751 million in debts collected from Group Members invalidly and will continue to provide refunds; The Commonwealth has agreed to drop claims for repayment of approximately $744 million in invalid debts that had been partly paid back, as well as dropping claims for $268 million in invalid debts where no repayments had been made.",neutral
This time vote Greens for a future for all of us.,persuasive
And let's not forget  2016 Robert resigns from the Turnbull Ministry when an internal investigation proves he breached the ministerial code of conduct during his 2014 China trip for Nimrod Resources.,persuasive
Scott Morrison's cuts and neglect are hurting Flinders Island District School.,persuasive
“For too long there have been two classes of land in Kakadu National Park – Aboriginal land and other land ‘subject to Aboriginal land claim’.,persuasive
You can be the difference.,persuasive
I call on Karen Andrews to say before the election HOW her light route will get to the airport if it isn’t along the Gold Coast Highway.,neutral
money in “marginal seats” to try and win more seats in parliament.,persuasive
"During the COVID-19 lockdown, she delivered and listened to what they wanted.",neutral
"Joel Fitzgibbon, Dr. Sev Ozdowski - Director of Equity and Diversity, University of Western Sydney, the Chair of the House of Representatives Committee on Health, Aged Care & Sport - Trent Zimmerman MP, Dr. Panayiotis Diamadis - Member of the Australian Institute for Genocide and Holocaust Studies, the Chair of the Standing Committee on Infrastructure, Transport and Cities - John Alexander MP, Anglican Archbishop of Sydney - Glenn Davies and Chair of Joint Standing Committee on Migration - Julian Leeser MP, Dr.",neutral
Anthony Albanese is a weak leader.,persuasive
"Thank you on behalf of all Armenian-Australians, as well as Armenians from Artsakh and around the world, Mr. Brendon Zhu.",neutral
[SPECIAL REPORT] Is Australia leading the world out of the pandemic?,persuasive
Why Australia must not deliver Mad (Prime) Minister Morrison his second 'miracle' ~ Founder and publisher David Donovan,persuasive
Backing small businesses here in Makin.,neutral
"This is what the budget does for you in Gilmore   COST OF LIVING RELIEF:  - Reducing petrol excise by 22 cents per litre for 6 months, which will help the owners of around 100,000 passenger vehicles in Gilmore, a saving of up to $700 over 6 months.",neutral
"Mr. Zhu was also amongst the first to join the Australian Friends of Artsakh network and, through it, calls for the rights to self-determination for the indigenous Armenians of the Republic of Artsakh.",neutral
"Vote 1 - Column ‘H’  To read more about me and my partner Steve Dickson - QLD go to my website https://www.jointheconversation.net.au/senate/qld/rebecca-lloyd/ Written and Authorised by Rebecca Lloyd, Brisbane, Queensland.",neutral
"In Reid, we have many people of different cultures living here and we need a person who understands the background and culture.",persuasive
Labor have not costed their policies.,persuasive
The Animal Justice Party will stand up for our planet.,persuasive
"“I am not indigenous but I yearn for leaders who have cultural wisdom, knowledge and values” Alison, Chuffed donor People across the country have been chipping in to support the Indigenous Party of Australia to cover their campaign costs in the lead up to the Federal Election.",persuasive
"We will introduce legislation to remove subsidies on industries that damage our climate, not only animal agriculture, but also coal and gas.",persuasive
Great to see so many friends and family on the Island over the last couple of days,neutral
"Robert bankrolled two former staffers who stood as so-called ""independents"" in the Gold Coast City Council election to the tune of $60,000.",neutral
We have 6 weeks to get this government out.,persuasive
"Suite D, 263-279 Broadway, GLEBE NSW 2037.",neutral
The three alternate routes through Palm Beach would require hundreds of local homes to be resumed if chosen and as a result were categorically ruled out by the Palaszczuk Labor State Government in favour of the Gold Coast Highway corridor which involved the least disruption in comparison.,neutral
https://www.tmr.qld.gov.au/projects/coomera-park-n-ride-upgrade      2.,neutral
Under this plan we are   Creating another 1.3 million jobs - on top of the 1.2 million jobs we've already delivered.,neutral
"Under Labor’s plan, nurses and carers will get better pay, residents will get better food, and older Australians will get the care they deserve.",persuasive
In the eastern section of the SRL alone – 6 new underground stations.,neutral
Should Stuart stay or go?,persuasive
Go to 1 in 50 (https://1in50australia.org/) to find out more.,neutral
Training the next generation of apprentices.,persuasive
What is your verdict?,persuasive
"QPP and the team at HIV AIDS Legal Centre (HALC) are running a series of legal clinics and evenings, providing our community information about HIV and the Law in Queensland, and answering questions to those living with HIV with legal questions or issues.",neutral
Along with a raft of red-tape reduction policies.,neutral
"🤝Working with Mansfield State High School (MSHS) P&C, I have been able to deliver federal funding through the Stronger Communities program for the school to purchase a new golf cart!",persuasive
"After 14 years Councillors Clifford, Willcox & Collins failed to STOP  Councillor “Moscow” Mike Brunker!",persuasive
You can read more about Labor’s plans to bring back Australian manufacturing here → https://www.alp.org.au/policies/secure-australian-jobs,neutral
"- AGED CARE: This Budget continues a further record investment in aged care to help the 40,148 senior Australians living in Gilmore.",neutral
"Local campaign, local people chipping in.",persuasive
2 ads from the $11.5 million infrastructure campaign were also found to breach political advertising legislation.,persuasive
"- Together, with the recent pension increases, this will see the 28,250 pensioners in Gilmore receive more than $500 in additional support over the next 6 months, when they need it most.",neutral
"We have a serious seller; both the freehold & the business is ready to be sold in one line, walk-in-walk-out including wine in bottle, 2022 vintage in tank, all equipment & fixtures.",neutral
"Look at Aged Care and there are our elders, who we should be embracing and learning from but we've abandoned them to profit, and are leaving those who care for them out in the cold.",persuasive
"If you're new to the page, check this out.",neutral
Use your vote this election to raise the youth allowance and job seeker payment to $88/day.,persuasive
"Last week, I chatted to ABC Radio about the growing problems renters are facing when it comes to the spread of mould in homes across the state.",neutral
Photos: Glenn Campbell,neutral
$1.5 billion investment in our defence capability here in the Hunter  The Royal Australian Air Force (RAAF) is upgrading and extending in-service support for the Hawk 127 Lead-In Fighter Training System based in the Hunter region and Perth.,neutral
"We know that when people aren’t able to address mental health issues or see a dentist, it leads to strain on our healthcare systems, preventable illnesses down the road, and prevents them maintaining gainful employment.",persuasive
"Areas of law covered include Criminal, Immigration, Discrimination (on the grounds of HIV status or another attribute e.g.",neutral
"First elected in 2017 as one of the youngest councillors of his municipality, Mr. Zhu earned a reputation for bringing fresh ideas to the 152-year institution.",neutral
Read the report now.,persuasive
"In ten years, will we be saying sorry for this too?",persuasive
"Welcome to #FRIENDSFRIDAYS, our social media series introducing you all to the Australian Friends of Artsakh network of prominent Australians who support the right to self-determination of the Republic of Artsakh.",neutral
To read more about the state of the NBN in Maleny check out this article in The Guardian  https://www.theguardian.com/technology/2022/may/08/they-will-do-nothing-to-fix-it-why-the-nbn-still-matters-to-many-voters,neutral
Dates and details for these sessions will be available soon.,neutral
"I will fight for increased local training be it  schooling, TAFE or University places.",persuasive
Show Citipointe that LGBTQIA+ people are loved for exactly who they are .,persuasive
"At a ceremony held at Cooinda on Thursday 24 March 2022, Minister Wyatt handed back to Traditional Owners and their families the inalienable freehold title over four land claim areas comprising about 50 per cent of the Park.",persuasive
"Since Scott Morrison called the election, his government has given away more than $500 million of taxpayer money to polluting fossil fuel companies.",persuasive
#BREAKING Labor has won the South Australian state election.,neutral
"It’ll see the development of a nature-based play space and public toilet amenities, improving the Reserve as a destination.",persuasive
The AWU wants to make sure voters across the nation are aware of Clive Palmers disastrous record.,persuasive
A champion dairy farmer who is still sharp as a tack at 93.,neutral
"We will take the lead in investing in farming communities, to transition towards plant-based farming enterprises that are healthier for animals, people, and the planet.",persuasive
"https://independentaustralia.net/politics/politics-display/stuart-roberts-litany-of-transgressions,12001 I have managed a lot of people in my career and if this was the performance of my employee I would be showing them the door.",neutral
Australian Labor Party,neutral
- research from Everybody's Home Australia.,neutral
Creating up to 8000 jobs during construction.,persuasive
This hub will be a family friendly space and bring critical services together under the one roof.,neutral
Morrison must go.,persuasive
Now this…,neutral
"You can hear the disbelief in Sarah's voice that no grounds evictions are indeed a real thing that happen in New South Wales, as many of you can attest to!",persuasive
"Vote for kids, not cuts.",persuasive
"And with 80% of our fundraising target now achieved, we're well on the way to #VoteAngusOut If you would like to join our movement, like the 1000 who have already signed up, bought a t-shirt, stubby cooler, or made a donation, you can do so here.",neutral
- CLEAN ENERGY: The Government remains committed to reducing emissions.,neutral
This is who Scott Morrison wants in the Liberal party room!?,persuasive
I will be a strong voice for all of these forgotten issues.,persuasive
"Dr Miranda Ruiz could face up to 10 years in prison for a crime she did not commit  Miranda provided her patient with access to a legal and safe abortion, as requested.",persuasive
Let’s keep it rolling.,persuasive
Join us at the Boothby Together We CAN (Climate Action Now) campaign kick-off on April 10 at the Ascot Park Bowling Club.,persuasive
Penny Ackery for Hume,neutral
"John Ajaka, NSW Minister for Customer Services - Hon.",neutral
"Eric Abetz, Former Senator and Leader of The Australian Greens - Dr. Richard Di Natale, Antiochian Archdiocese of Australia - Archbishop Basilios Kodseie, Josh Burns MP, Former Leader NSW Liberal Party - The Hon.",neutral
"MORE BROADLY: record funding for schools, hospitals, Medicare, mental health, aged care, flexible paid parental leave, women’s safety and disability support.",neutral
BOTH Councillors Clifford & Brunker NOW want to become Mayor of WRC !,persuasive
That’s why an Albanese Labor Government has a plan for North West Sydney roads.,persuasive
"Fiscal responsibility is government budget setting designed to promote strong, sustainable economic and employment growth that does not rack up high public debt for future generations.",neutral
The prime minister's appearance last night on the ABC's 7.30 proved the promise of a new Morrison is just smoke and mirrors.,persuasive
#saparli #savotes #auspol,neutral
This should concern us from both a compassionate and economic perspective.,persuasive
She is now being investigated by authorities even though abortions are legal in Argentina.,persuasive
No one can say for sure what will happen but what you can be sure of is a vote for One Nation is the best way to ensure there is someone in parliament who will be able to clean up the mess and hold the Government to account.,persuasive
Our plan  greens.org.au/platform How we'll pay for it  greens.org.au/tax-billionaires,persuasive
Only the Morrison Government will secure local jobs at Nyrstar.,persuasive
Labor are out to $1.80!,neutral
"This mobile phone footage shows how guards separated Biloela mum Priya from her little girls, before physically dragging her onto an unmarked plane.",persuasive
Get the facts on our Biloela family: https://www.hometobilo.com/facts,neutral
The highlight of the first full day of the Dulux Australia Study Tour was a stay at krakani lumi.,neutral
We are witnessing the abandonment of the most vulnerable people in our community.,persuasive
"There is already increased demand on the mental health workforce, but we will encourage more psychs to enter the sector by fee-free education through universities & TAFE, expansion of peer worker programmes, and specialised mental health training for medical students and GPs.",neutral
"There will be wonderful opportunities for cultural revitalisation and to celebrate the living cultural traditions of the traditional owners,” said Mr Bush-Blanasi.",persuasive
We say this man doesn't represent us.,persuasive
"Research released this week shows ""the average person on Youth Allowance would have to pay 92 per cent of their income on renting a single room in Canberra and 83 per cent in Sydney.""",persuasive
An Albanese Labor Government will build Australia’s sovereign capability by building things right here in Tasmania.,persuasive
Don't risk it.,persuasive
What is really happening and why?,persuasive
Essential workers were there when we needed them through the pandemic.,persuasive
Len Sullivan here is a legend of King Island.,persuasive
ARC has an Airport and a University.,neutral
Investigative Journalism in the Hawkesbury Hawkesbury Matters is not aligned with any political party or Independents.,neutral
"Supported by the Government's policies, 24,400 rooftop solar panels have been installed in Gilmore.",neutral
Does Labor offer a better deal?,persuasive
Each of the Liberal government’s policies has undergone detailed costing.,neutral
A Royal Commission into the QLD Public Service now getting closer despite an inept QLD LNP.,persuasive
"This investment will ensure that the Onkaparinga River and southern creeks become a place of pride for our community to walk, ride their bike and go on picnics with their families in natural spaces - as well as restoring precious habitat and protecting our environment.",persuasive
"When our population grows, it becomes more profitable to destroy our ancient, fragile bush and turn it into new suburbs.",persuasive
Queenslanders can't afford 3 more years of the LNP.,persuasive
"You may have to hold your nose as you vote, but you won't have to hold a hose and you can certainly hold a rose!",neutral
It's a common scheme.,neutral
"Which means new taxes, higher taxes and an increased cost of living.",persuasive
I know I’ve been running one for the past 12yrs.,neutral
"Congratulations to Brookfield Show Society President Cath Fullerton, the management committee, all stewards, volunteers, sponsors and the many community organisations who have all contributed to an outstanding 2022 Brookfield Show.",neutral
"We talked with Amelia Borg, Kushagra Jhurani and Peter Elliott about how to get a job.",neutral
"In 1976, a small group wanted to protect the Franklin River from being dammed.",neutral
Australian women are being financially penalised for having children.,persuasive
Utilise your project management skills to develop and implement business processes within the Truth and Justice Response Unit.,neutral
This time they’re targeting teachers.,persuasive
Early architectural professionals are often guided by a practice’s development guidelines.,neutral
https://www.voteangusout.com.au/ Factcheck How Angus voted on the vaccine rollout https://theyvoteforyou.org.au/people/representatives/hume/angus_taylor/policies/264,neutral
I will also implement a national register for perpetrators of violence against women and animal abusers.,neutral
"On 16 November 2020, the scheduled first day of trial, the Representative Applicants and the Commonwealth agreed a settlement.",neutral
"Independent Rex Patrick brings back jobs to SA, fights corruption and represents South Australia’s best interests.",persuasive
Vote 1 Kay Nankervis for Calare and The Greens for the Senate.,neutral
REMEMBER TO VOTE FOR THE FREEDOM PARTIES FIRST Pauline Hanson’s One Nation  Liberal Democrats  United Australia Party You own you vote and preference.,persuasive
"He has also been well-informed of the issues of importance to the Armenian-Australian community, who are well-represented in Willoughby.",neutral
Ms Andrews is hiding her policy from residents on the future light rail route until after the election and is not treating local residents with any respect whatsoever.,neutral
"More dams, water projects and better mobile phone service: for more go to liberal.org.au/budget  KEY FACTS  - Unemployment rate of 4% is the lowest since 1974.",neutral
"Floods, vaccines, bushfires, RATs - Scott Morrison has failed Queenslanders every time.",persuasive
FACT: Murrumbidgee hospital funding has increased 303% under the Liberal Government.,persuasive
"{Share and spread the word} We have so far presented Australia’s Minister for Communications, Cyber Security & The Arts, the Hon.",neutral
"These information sessions are free, but numbers are limited and will book out.",neutral
"As the cost of living increases, Australians shouldn’t have to choose between medicines and other essentials like food.",persuasive
We must urgently develop and enact an effective climate action plan.,neutral
"By leaving these out, millions of Australians who are feeling the cost of living pinch are having to choose between rent and food, unable to take care of their health.",persuasive
- Economic growth forecast to hit 3.5%.,neutral
"Damien Tudehope, NSW Minister for Sport, Multiculturalism, Seniors and Veterans - the Hon.",neutral
I have never heard my opponent once speak about costings for Labor's policies.,persuasive
Lend your support so that essential retail workers get the essential pay rise they deserve on July 1st.,persuasive
Let's work together and achieve a historic victory.,persuasive
"The NSW government has announced that the spectacular forests of Ganguddy-Kelgoola—on the doorstep of Wollemi National Park, will make way for coal.",persuasive
Work is well and truly underway at the new $60m Alliance Airlines maintenance facility are Rocky Airport.,neutral
"To be fiscally responsible, you need costings.",neutral
I’ll advocate for targeted business support for those still doing it tough.,persuasive
"Start your career in law enforcement, security and Court support services",neutral
Anthony Albanese doesn't know basic facts about our economy.,persuasive
"Australia is already growing warmer, experiencing changes in rainfall, catastrophic bushfires, record flooding and witnessing rising sea levels.",persuasive
Let’s Rethink a Big Australia.,persuasive
"Read the full plan here: https://greens.org.au/platform/health#mental-health For a more compassionate Australia, it’s time to Vote [1] Greens!",neutral
It's time to bench the Hawke Stench in Mitchell.,persuasive
"krakani lumi | Traditional Land Owners: the Pyemmairrener People | Taylor and Hinds Architects | Photographer: Peter Wood, Sam McQueeney | Writer: Tahnee Sullivan Thanks to the study tour sponsor, Dulux Australia",neutral
I am very pleased to announce that under an Albanese Labor Government we will commit $5 million to revitalise the Onkaparinga River and its tributaries.,neutral
"Job security has gone down, housing costs  have increased significantly.",persuasive
Proudly Local.,neutral
"- Lower taxes: The Government's Tax Plan has already benefited 60,800 in Gilmore.",neutral
So who is pulling his strings?,persuasive
The Liberals doubled the debt and blew the budget before the pandemic began.,persuasive
Do you want a job or go on to welfare?,neutral
"The pandemic has been so tough for everyone, and even as we come out the other side, there are mental health impacts that could last generations.",persuasive
"In many aspects our young people have it harder today, than some decades ago.",persuasive
"- NDIS: record funding for the 3,547 participants in Gilmore.",neutral
"No grounds evictions simply have to end, and we need to make being damp and mould-free an essential criteria for habitability.",persuasive
"Daniel Andrews is blowing the budget left, right and centre, but he says he’ll never build East-West Link.",persuasive
HOOD FCPA 154089/1977  COMPANY & FORENSIC AUDITOR (ASIC) 13639/1978 TAX AGENT 32907001/1977 .,neutral
Anthony Albanese and Labor tell lies because they have no economic plan.,persuasive
"- MEDICINES: In the last year the Government has funded 2,680,110 free or subsidised medicines in Gilmore through the Pharmaceutical Benefits Scheme.",neutral
"My allegiances are with no one, but all of us, collectively.",persuasive
The choice is clear.,persuasive
#ChangeAgedCare,neutral
"Finally, the Animal Justice Party will fight for a commitment to system-wide change from the government.",persuasive
"In an effort to encourage better regional medical services, One Nation will introduce three-year contracts for newly qualified medical professionals and in return pay their HECS-HELP loans in full.",persuasive
The wellbeing of our community is of upmost importance.,persuasive
"Hosted by the Maritime Union of Australia SNSW Branch with special guests, Kristy McBain, Labor's Candidate for Eden-Monaro, and Mich-Elle Myers, MUA Officer and Vice President of the Australian Labor Party.",neutral
during the bushfires Gladys Berejiklian said “lives are at stake today and he is just obsessed with petty political point scoring”  #auspol #auspolmemes #nswfloods #nswpol,persuasive
It can be done.,neutral
This include FTB exemptions and up to $150k per year instant asset write offs.,neutral
This is part of Labor's plan to build a better future for the Central Coast.,persuasive
"Additionally, Mr. Zhu has attended several events organised by the Armenian National Committee of Australia including the organisation’s Annual Gala and the National Commemoration of the Armenian Genocide.",neutral
"The Scott Morrison (ScoMo) Government is investing more than $700,000 for five important, much needed Local Roads and Community Infrastructure (LRCI) projects to benefit residents in the Town of Bassendean!",persuasive
"The circular economy is important to me, where things can be reused and have a second (or more life) that is good for our environment.",persuasive
"- HEALTH: record funding in hospitals and Telehealth is now permanent  - In Gilmore, there have been 602,120 telehealth consultations funded through Medicare since the start of the pandemic.",neutral
He's even voted against protecting Australia's fresh water.,persuasive
Don’t pit nature against new houses.,persuasive
That's a TRILLION dollars.,persuasive
Don't reward Labor's lies.,persuasive
“The resolution of the underlying land title will allow for new investment and tourism opportunities.,persuasive
Well done to everyone!,neutral
"Before Covid, the Libs had put us into a per capita recession.",persuasive
It will create around 100 ongoing jobs in our community once it is completed in a few years time.,persuasive
ABC Friends scored candidates running in the seat of Curtin on how they would work to protect and restore our ABC.,neutral
"As a father to of two kids, James knows the benefits of a quality early childhood education –and it doesn’t start at school.",neutral
"It's time to dump the major parties...  We can't afford to re-elect the same parties that have caused so much damage to our economy, our families and the Australian way of life!",persuasive
"And after getting away without penalty for using tax payer money to fund their red shirt election campaign, what was Andrews' response?",persuasive
"Michael Sukkar, prominent Australian Historian Professor Peter Stanley, Shadow Minister for Home Affairs, Senator the Hon.",neutral
Will they continue to drift?,persuasive
"Script: $0, my life and a volunteer writer, legend.",neutral
Read the rest of Tahnee Sullivan's blog post of the day's events in the link.,neutral
Sign up and join our campaign to help build a better future for Australia,persuasive
We can't let it happen again.,persuasive
How can the Liberal Party continue to support him?,persuasive
Don’t let Miranda go to prison for protecting women’s health.,persuasive
"Only an Albanese Labor Government will commit $700,000 to Inverleigh Youth Project.",persuasive
Sign up for Movement For Life today to protect Australia's incredible nature,persuasive
Vote to change the Government.,persuasive
"We are now in debt to the tune of $1,000,000,000,000.",persuasive
It’s a forgotten Australian true crime tale that is likely to become a modern day sensation and may even create ‘new’ queer heroes for today’s generation.,persuasive
"One Nation recognises the need to bolster the number of regional doctors, nurses, and other critical health professionals.",persuasive
"Since the commencement of the class action, more than $1.7 billion in financial benefit will have been provided to approximately 430,000 group members.",neutral
"This will create higher paying, LOCAL jobs, so we don’t need to travel so far away from our homes, to Sydney and Canberra everyday.",persuasive
The people of Maleny deserve better than an out of touch local member who doesn't think they need the internet!,persuasive
"From fires to pandemic, the welfare of the community is what I have and will continue to always fight for.",persuasive
"Paul Fletcher, Reverend Ray Willamson – President of the NSW Ecumenical Council, Australia’s Assistant Treasurer and Minister for Housing, the Hon.",neutral
"Vote for kids, not cuts.",persuasive
ICYMI.,neutral
Nicholls tops the list as most at-risk federal electorates by 2030 from Climate Change.,persuasive
Video budget: $0.,neutral
Our next Federal Government needs to stop funding climate pollution and instead fund climate solutions.,persuasive
"House prices are soaring, making it harder and harder for Canberrans to get their own place – and the major parties have no plan to help the ACT.",persuasive
That means higher taxes for you.,persuasive
Scott Morrison's cuts and neglect are hurting Forth Primary School.,persuasive
Making your life and the lives of those in our community easier is a key priority of mine.,persuasive
"This election put Liberal, Labor & Greens LAST on your ballot and vote for change.",persuasive
"*Jenny Hocking, Emeritus Professor, Monash University: award-winning political historian and biographer.",neutral
It is also raising the money for this spending responsibly through sensible taxation practices.,neutral
"The devastating bushfires of 2019-20 placed our wildlife on a fast-track to extinction, with nearly three billion animals perishing.",persuasive
"We are working to grow and protect the Hawkesbury's future, heritage and environment.",persuasive
https://greens.org.au/qld/volunteer,neutral
Only the Liberal's can be trusted with the budget.,persuasive
Covid isn’t over and staff shortages are making things tough for most local business'.,neutral
Want to help?,persuasive
DATE Thursday 21st April 2022 6:00 PM - 8:00 PM  LOCATION LOG CABIN EDEN DRINKS AND FOOD WILL BE PROVIDED    Click here to book your free tickets http://mua.org.au/save-shipping-eden,neutral
"Join us on BBQ with the community to meet your candidate in Reid, and consider joining the team that works very hard to get rid of the current Liberals-Labor-Greens dictatorship.",persuasive
Your vote DOES count.,persuasive
"Most politicians play a bit fast and loose with the truth, but is Scott Morrison the ninja warrior of porky pies?",persuasive
"Find out where and how here: https://vote.greens.org.au/ Come and help us out on the booths either during early voting or on Election Day (Saturday 21 May), so we can stop the major parties drowning us out and get these policies out to voters!",persuasive
"AJA is honoured to host a very special event with the new Ukraine Ambassador and someone who has become a friend to AJA and the Jewish community, HE Vasyl Myroshnychenko.",persuasive
"Further, Labor has already committed $30 million to building more housing and funding specialist services for veterans experiencing homelessness or at risk of homelessness.",neutral
It was great to have a tour of the site and check out the progress today.,neutral
"The Communications Manager (EL1) reports to the Senior Manager, Marketing, Communications and Digital Engagement (EL2).",neutral
"The Greens plan to fix our health services and make dental and mental health care free for all who need it, not just those who can afford it.",persuasive
MEDICARE URGENT CARE CLINICS FOR THE CENTRAL COAST An Albanese Labor Government has committed to TWO Medicare Urgent Care Clinics on the Central Coast.,neutral
"The entire farm is carbon neutral, with a vineyard, winery, cellar door, accommodation & the potential to value add with timber harvesting, livestock production and a previous development approval for eco-tourism cabins.",neutral
Providing costings is real accountability and transparency.,neutral
"We’ve abandoned many young people to poverty, education injustice, digital injustice, family violence injustice, mental health injustice.",persuasive
It becomes apparent that the practice of architecture is very different to studying architecture.,neutral
"Gladys Berejiklian MP, Speaker of NSW Parliament's Legislative Assembly - Hon.",neutral
The first tunneling package alone will be the longest in Victoria’s history – delivering around 16 kilometres of twin tunnels between Cheltenham and Glen Waverley.,neutral
"This is the first time this hidden gem ‘Gibraltar Park’ has been offered for sale, two decades of hard work, planning & development.",persuasive
A staggering 48.72% of you gave him your first preference.,neutral
Opportunity to work with a high-performing and passionate team in the Victorian Public Service until 30 June 2024,neutral
"MORE SUPPORT FOR  - APPRENTICES: We already have 2,610 apprentices in Gilmore and new measures in the Budget will lead to more opportunities for apprentices and trainees with expanded wage subsidies.",neutral
Fiona Martin's Background is a small business owner and she knows what business owners need.,neutral
"Instead of waiting for government handouts, it's time AGL transitioned to cheaper, cleaner renewable energy.",neutral
https://www.thewinepoint.com.au/shop/fundraisingwines/election2022/,neutral
This luminescent interior is framed by the rectilinear form of a charred Tasmanian Oak building envelope that deliberately recedes into a landscape dotted with blackened grass tree stumps and banksia husks.,neutral
"Vote for kids, not cuts.",persuasive
"We were welcomed to the site by our hosts with a smoking ceremony, which was followed by a shared meal of locally caught seafood and mutton bird, damper seasoned with native herbs and fresh salads.",neutral
Your donations DO matter.,persuasive
"#letsdothistogether I will not be delegating preferences to anyone (because this is only a recommendation via ""How To Vote"" cards, a form of advertising which I won't be using).",neutral
Visit our site to learn more about the issue.,neutral
"After a decade in office, more Morrison means more of the same.",persuasive
The Animal Justice Party is the only political party willing to stand up against all causes of climate change.,persuasive
https://www.crikey.com.au/2022/03/30/concetta-fierravanti-wells-morrison-speech/,neutral
"The Animal Justice Party will fight to sign Australia up to the 30% methane emissions reduction by 2030 target, as over 100 other countries have done, and commit to net-zero emissions by 2035.",persuasive
"On May 21, Australia has a clear choice with real consequences.",persuasive
"During this time, our group gathered around the open-air fire pit, chatted freely, and took a respite from the wind under the architecture, which humbly references the architecture of traditional bark huts.""",neutral
Only Anthony Albanese  and I have a real plan for a better future for Far North Queensland.,persuasive
"If you want to help keep us in the air through the closing stages of this election, less than 3 weeks to go, you can go to his website www.garybiggs.com.au and donate Each flight is $1200 so please be generous",persuasive
TALE OF 2 CITIES & COUNCILLOR REMUNERATION WHY IS IT SO ?,neutral
But I will say this.,neutral
"It's hard to watch,  but we encourage everyone to share this widely, so as many people as possible can see what's at stake for our Biloela family.",persuasive
We believe Super is your money and that young people should be free to decide to invest into super or into a first home.,persuasive
This is abandonment.,persuasive
"Melbourne, VIC.",neutral
These clinics are for when you are too sick for a GP but not sick enough for the emergency department.,neutral
Barnaby Joyce and the National Party are already holding the government to ransom on climate policy.,persuasive
"“This land that has been returned is the traditional country of the Limilngan/Minitja, Murumburr, Garndidjbal, Yurlkmanj, Wurngomgu, Bolmo, Wurrkbarbar, Matjba, Uwinymil, Bunidj, Djindibi, Mirrar Gundjeihmi and Dadjbaku peoples.” Mr Bush-Blanasi said the return of land to the Traditional Owners heralds a range of new and exciting opportunities.",persuasive
Give your support to Ukraine today.,persuasive
It is fully costed and it is backed by the most extensive independent modelling ever carried out for an Opposition.,neutral
Using the heavy rail corridor for light rail instead will never be viable as that would mean heavy rail would never be connected to the airport which no-one supports.,neutral
"Sessions are open to people living with HIV, currently residing in Queensland.",persuasive
"We must also provide support for victims through safe animal-friendly homes and shelters, in order to grant more people the ability to flee violent situations.",persuasive
🤯 https://icacpls.github.io/salary-breakdowns.html In his flyer he mentions 4 projects 1.,neutral
Today was fine so off we went – Down to Ballina via Mullumbimby then all the way up the Coast to Tweed Heads.,neutral
Remember Citipointe Christian College and their outrageous anti-LGBTQIA+ contract for kids?,persuasive
The SES has made a trip to my campaign office to pick up some corflutes from previous campaigns.,neutral
"More carers with more time to care, and registered nurses on site 24/7.",persuasive
The Liberals are tanking our economy.,persuasive
Sign the petition now: bit.ly/Miranda-Ruiz,neutral
"Brain Owler - Clinical Professor for Neurosurgery at the University of Sydney, Chair of the House of Representatives Standing Committee on Tax and Revenue - Jason Falinski MP, Metropolitan of the Assyrian Church of the East - Archbishop Mar Meelis Zaia, Chair of the House of Representatives Standing Committee on Economics - Tim Wilson MP, Eparch of the Maronite Diocese of St Maroun - Bishop Antoine Charbel Tarabay, Chair of the Australian Senate's Foreign Affairs, Defence and Trade Committee - Senator the Hon.",neutral
"Your pay has not kept up with the rising cost of living for too long, and only an Albanese Labor Government has a plan to get it moving again.",persuasive
"Today, I took the Prime Minister Scott Morrison (ScoMo)to meet Shannie, now 2 years old, and to announce $2 million in funding, which will deliver more assistance dogs for people living with a physical disability, PTSD or autism, to improve their independence and quality of life.",persuasive
"$2 million for new assistance dogs training facility  In 2020 I met with the Assistance Dogs Australia team and beautiful assistance-puppy-in-training Shannie, to hear about plans for a national assistance dog training facility in Orchard Hills.",neutral
Don't risk our economic recovery and national security,persuasive
"Palm Beach residents have a right to know before they vote, and it is Ms Andrews job to take responsibility for her own policy and tell local residents the detail because people’s homes I fear may be at stake.",neutral
FAR SOUTH COAST EVENT ALERT You are invited to a special MUA event.,neutral
Now let's see what else he has been up to  KEY POINTS OF ROBODEBT CLASS ACTION The Representative Applicants commenced the Robodebt Class Action on 19 November 2019.,persuasive
Ms Andrews is refusing to say publicly which route through Palm Beach she supports for a future light rail connection to the airport which is betrayal of all Palm Beach residents.,neutral
So the 'party of business' has failed us on the one thing they hold dear.,persuasive
Finding it hard to get ahead?,persuasive
"My name is Mackenzie Severns, I’m 22 and ready to create change in the Senate.",neutral
"Suite D, 263-279 Broadway, Glebe NSW 2037",neutral
"Together, with the Australian Friends of Artsakh and our community, the Armenian National Committee of Australia will continue #MovingMountains to keep #ArtsakhStrong.",persuasive
"EXCLUSIVE: In 1888, in front of 20,000 people, 21-year-old Gordon Lawrence caused a riot after being arrested in the middle of Melbourne for “female impersonation”.",persuasive
The Greens are the only party committed to ending fossil fuels and taking genuine climate action this decade.,persuasive
Truth really does matter.,persuasive
"Time to end nine long years of atrocious right-wing governments festering with vested interest, corruption and lies?",persuasive
Under Scott Morrison it's harder to see a doctor and the cost of living has skyrocketed.,persuasive
GCPHN has an exciting opportunity for a Project Support Officer (Special Projects and Commissioned Services) to join their team on the Gold Coast on a full-time contract basis to 30 June 2023.,neutral
"Only a Labor Government will invest in jobs and innovation in Perth’s northern suburbs, creating jobs closer to home.",persuasive
Follow me for the latest news and information.,neutral
An important message this election….,neutral
"I was selected by our community, to run FOR our community.",persuasive
"Other LRCI funded projects in the Town of Bassendean include:   $33,400 for Bindaring Park upgrades  $72,500 for paths and earthworks at Mary Crescent Reserve   $61,900 to replace playground equipment at Padbury Park  $73,000 to repair Success Hill Jetty to repair the recreational fishing jetty",persuasive
You can't trust Labor with the economy when they don't even know the basics.,persuasive
This election is more important than ever.,persuasive
"That’s right, teachers can lose their jobs for being in a same-sex relationship.",persuasive
"Find out how to vote for Fiona Phillips, your federal Labor MP.",neutral
Like this page to join the stand against violence against women in Australia.,persuasive
You are MORONIC !,persuasive
Don't risk our economy.,persuasive
"We can also do a better job of protecting our environment and historic villages for future generations, instead of selling it all off to the highest bidder.",persuasive
Then this is for you.,persuasive
Only an Albanese Labor Government will fix aged care.,persuasive
With most of it not delivered and pretty much all of it being done by someone else.,neutral
The horrific scenes of destruction and suffering must have an impact on anyone who sees them.,persuasive
"John Dowd, Premier of New South Wales - Hon.",neutral
Scott Morrison's cuts and neglect are hurting Kings Meadows High School.,persuasive
"This new facility, supported by the Palaszczuk Government, will play a key role in the expansion of the Alliance fleet.",neutral
"Voting AGAINST government action on plant and animal extinctions, against protecting the Great Barrier Reef, and against our right to say no to Nuclear Waste in our own back yard.",persuasive
The majors will do nothing and the independent will only commit if it doesnt impact people financially...  How you vote matters.,persuasive
"We seem to deem them too costly, invisible, or able to be demonised.",neutral
"And of course, we can have more consultative, transparent representation.",neutral
The climate crisis is here.,persuasive
"If nothing is changed, nothing changes.",persuasive
Some parties still believe they don’t matter.,neutral
FUSION - PUTTING CLIMATE EMERGENCY ON THE BALLOT PAPER,persuasive
"45 years of unfinished business’ resolved with handback of land at Kakadu Traditional Owners of the land in the Northern Territory’s Kakadu region celebrated the long-overdue return of their ancestral lands to their control following the delivery of the Deeds of Title to large tracts of the Kakadu National Park by the Minister for Indigenous Australians, the Honourable Ken Wyatt AM MP.",persuasive
Investing in regional tourism - Not sure what he had to do with this as this was not his portfolio at all and seems to be a Destination Gold Coast initiated  https://www.mygc.com.au/gold-coast-tourism-given-10m-boost-ahead-of-border-reopening/ That is it?,persuasive
Scott Morrison tried to force our Biloela family to danger.,persuasive
"ARC COUNCILLOR BASE SALARIES & CAR:- * Mayor - $86,000 pa + Super + Car * 10 x Councillors - $28,000 pa + Super & No Car WRC COUNCILLOR BASE SALARIES & CAR:- * Mayor - $135,000 pa + Super + Car * 10 x Councillors - $72,000 pa (average) + Super + Car (we think) ARC has recently voted to reduce their number of Councillors from 11 to 9 STOP  THE PRESS:- WRC Councillors are now discussing an Application that takes their Salaries & Benefits HIGHER to Level 5. .",neutral
"Fought and won the High Court case which forced the National Archives to release the “Palace Letters”, revealing the true extent of Buckingham Palace’s involvement in the 1975 dismissal of Australian PM, Gough Whitlam.",neutral
"Many help by pairing graduates with an experienced graduate, registered architect, or even an architect who has achieved the highest levels of success in our industry.",neutral
"The National Film and Sound Archive of Australia (NFSA) is the national agency concerned with the visibility, usability and sustainability of Australia’s audio-visual heritage.",neutral
Send them a text message now and demand they withdraw all discriminatory contracts!,persuasive
"For a copy of the information memorandum or to view the business financials, please contact exclusive marketing agent Dan Dwan of Colliers Toowoomba.",neutral
"Our incredible veterans’ serve us, so it’s only right the federal government serves them.",persuasive
VOTE 1 - PETER HOOD Mayoral Candidate - Whitsunday Regional Council  WELCOME TO THE REAL WORLD:- • Smash the Wastage  • Improve the Quality & Delivery of Services • 50% of Mayoral Salary back to The Communities  My Politics = Independent with 470+ Accounting Clients throughout ALL 6 Divisions of WRC.,persuasive
Authorised by D. Hayden for The Greens NSW.,neutral
NOT a political party.,neutral
"That means we get very little Federal investment, because the Libs think that they will win, every time.",persuasive
"It’s too important for our economy, and our communities, here in Eden-Monaro.",persuasive
